,len,PUNCT,AUX,ADV,PART,CCONJ,NOUN,SCONJ,VERB,ADP,PROPN,PRON,NUM,ADJ,advmod:emph,obl:arg,aux,flat,nsubj,root,advcl,mark,det,csubj,xcomp,obl,nmod,cc,nsubj:pass,discourse,csubj:pass,acl,expl:pass,amod,nummod,conj,case,xcomp:pred,aux:pass,advmod:neg,cop,obj,ccomp,fixed,acl:relcl,advmod,orphan,punct
len,1.0,-1.0,1.0,1.0,0.9999999999999999,-1.0,-0.9999999999999998,-1.0,0.9999999999999998,-1.0,0.9999999999999999,1.0,-1.0,-1.0,1.0,1.0000000000000002,-1.0,-1.0,1.0,-1.0,-1.0,-1.0,-1.0000000000000002,0.9999999999999999,0.9999999999999999,1.0,-1.0,-0.9999999999999998,-1.0,-1.0,1.0,-1.0,-1.0,1.0,-1.0,-1.0,-1.0000000000000002,1.0,0.9999999999999998,1.0,1.0,0.9999999999999999,1.0,1.0,1.0,1.0,-1.0,-0.9999999999999999
PUNCT,-1.0,1.0,-1.0,-1.0,-0.9999999999999999,1.0000000000000002,0.9999999999999999,1.0000000000000002,-1.0,0.9999999999999998,-1.0,-1.0,1.0,0.9999999999999998,-1.0,-1.0000000000000002,1.0,0.9999999999999998,-1.0,1.0,1.0000000000000002,1.0,0.9999999999999998,-1.0,-1.0,-1.0,1.0,1.0000000000000002,1.0,0.9999999999999998,-1.0,1.0,1.0,-1.0,0.9999999999999998,1.0,1.0,-1.0,-1.0,-1.0000000000000002,-1.0,-0.9999999999999998,-1.0,-1.0000000000000002,-0.9999999999999999,-1.0,1.0,0.9999999999999999
AUX,1.0,-1.0,1.0,1.0,1.0,-1.0000000000000002,-1.0,-1.0,1.0,-0.9999999999999999,1.0,1.0,-1.0,-0.9999999999999998,1.0,1.0000000000000002,-1.0,-1.0000000000000002,1.0,-1.0,-1.0,-1.0,-1.0,1.0,1.0,1.0,-1.0,-1.0,-1.0,-1.0000000000000002,1.0,-0.9999999999999998,-1.0,1.0,-1.0000000000000002,-1.0,-0.9999999999999998,1.0,1.0,1.0,1.0000000000000002,1.0,1.0000000000000002,1.0,1.0,1.0,-1.0,-0.9999999999999999
ADV,1.0,-1.0,1.0,1.0,1.0,-1.0,-0.9999999999999998,-1.0,1.0,-1.0,1.0,1.0,-1.0,-1.0,0.9999999999999999,1.0000000000000002,-1.0000000000000002,-1.0,0.9999999999999999,-1.0,-0.9999999999999998,-1.0,-1.0,1.0,0.9999999999999998,1.0,-1.0,-1.0,-1.0,-1.0,1.0,-1.0,-1.0,1.0000000000000002,-1.0,-1.0,-1.0,1.0,0.9999999999999999,1.0,1.0,1.0,1.0,1.0,1.0,1.0,-1.0000000000000002,-0.9999999999999998
PART,0.9999999999999999,-0.9999999999999999,1.0,1.0,1.0,-1.0,-1.0,-1.0,1.0,-1.0,1.0,0.9999999999999999,-0.9999999999999999,-0.9999999999999999,1.0,1.0,-1.0,-0.9999999999999999,1.0,-1.0,-0.9999999999999998,-0.9999999999999998,-0.9999999999999998,1.0,0.9999999999999998,1.0,-1.0,-1.0,-1.0000000000000002,-0.9999999999999999,1.0,-0.9999999999999998,-1.0,1.0,-0.9999999999999999,-0.9999999999999999,-1.0,1.0000000000000002,1.0,0.9999999999999998,0.9999999999999999,1.0,1.0,0.9999999999999998,1.0,1.0,-1.0,-1.0
CCONJ,-1.0,1.0000000000000002,-1.0000000000000002,-1.0,-1.0,1.0,1.0,1.0000000000000002,-1.0,1.0,-0.9999999999999999,-1.0,1.0,1.0,-1.0,-1.0000000000000002,1.0000000000000002,1.0,-1.0,1.0,1.0,1.0,1.0,-1.0,-1.0,-1.0,1.0000000000000002,0.9999999999999999,1.0,1.0,-1.0000000000000002,0.9999999999999999,1.0,-1.0000000000000002,1.0,1.0,1.0,-1.0,-1.0,-1.0,-0.9999999999999999,-1.0,-1.0,-1.0,-1.0,-1.0,1.0000000000000002,1.0
NOUN,-0.9999999999999998,0.9999999999999999,-1.0,-0.9999999999999998,-1.0,1.0,1.0,1.0,-1.0000000000000002,1.0,-1.0,-0.9999999999999999,1.0,0.9999999999999998,-0.9999999999999999,-1.0,1.0,0.9999999999999998,-1.0000000000000002,1.0,0.9999999999999999,0.9999999999999999,1.0,-1.0,-1.0,-1.0,1.0,1.0,1.0,0.9999999999999998,-1.0,1.0,1.0,-1.0,0.9999999999999998,1.0000000000000002,1.0,-1.0,-0.9999999999999998,-1.0,-0.9999999999999998,-1.0000000000000002,-1.0,-1.0,-0.9999999999999999,-1.0,1.0,1.0000000000000002
SCONJ,-1.0,1.0000000000000002,-1.0,-1.0,-1.0,1.0000000000000002,1.0,1.0,-1.0,1.0,-1.0,-1.0,1.0,1.0,-1.0,-1.0000000000000002,1.0,1.0,-1.0000000000000002,1.0,1.0,1.0,1.0,-1.0,-0.9999999999999999,-1.0,1.0,1.0,1.0,1.0,-1.0000000000000002,1.0,1.0,-1.0,1.0,1.0,0.9999999999999998,-1.0,-1.0,-1.0,-1.0000000000000002,-1.0,-1.0000000000000002,-1.0,-1.0,-0.9999999999999999,1.0,1.0
VERB,0.9999999999999998,-1.0,1.0,1.0,1.0,-1.0,-1.0000000000000002,-1.0,1.0,-1.0,1.0,1.0,-1.0,-0.9999999999999998,1.0,1.0,-1.0,-1.0,1.0,-1.0,-1.0,-1.0,-1.0,1.0,1.0,1.0,-1.0,-1.0,-1.0,-1.0,1.0,-1.0,-1.0,1.0000000000000002,-1.0,-1.0,-0.9999999999999999,0.9999999999999998,1.0,0.9999999999999998,1.0,0.9999999999999999,1.0,0.9999999999999998,1.0,0.9999999999999999,-1.0,-0.9999999999999999
ADP,-1.0,0.9999999999999998,-0.9999999999999999,-1.0,-1.0,1.0,1.0,1.0,-1.0,1.0,-0.9999999999999999,-1.0,0.9999999999999999,1.0,-0.9999999999999999,-1.0000000000000002,1.0,1.0,-1.0000000000000002,1.0,0.9999999999999999,1.0,1.0,-0.9999999999999999,-0.9999999999999998,-0.9999999999999999,1.0,1.0000000000000002,1.0,1.0,-1.0,0.9999999999999999,1.0,-1.0,1.0,0.9999999999999998,1.0,-1.0,-0.9999999999999998,-1.0,-1.0,-1.0,-1.0,-1.0,-1.0,-0.9999999999999999,1.0,0.9999999999999999
PROPN,0.9999999999999999,-1.0,1.0,1.0,1.0,-0.9999999999999999,-1.0,-1.0,1.0,-0.9999999999999999,1.0,0.9999999999999999,-0.9999999999999999,-1.0,1.0000000000000002,1.0,-1.0,-1.0,1.0,-1.0000000000000002,-1.0,-0.9999999999999998,-1.0,1.0,0.9999999999999998,1.0,-1.0,-1.0,-0.9999999999999998,-1.0,1.0,-1.0,-1.0000000000000002,1.0,-1.0,-1.0,-1.0,1.0,1.0000000000000002,1.0,1.0,1.0000000000000002,1.0,1.0,1.0,1.0,-1.0,-0.9999999999999998
PRON,1.0,-1.0,1.0,1.0,0.9999999999999999,-1.0,-0.9999999999999999,-1.0,1.0,-1.0,0.9999999999999999,1.0,-1.0,-1.0,0.9999999999999999,0.9999999999999999,-1.0,-0.9999999999999998,1.0,-1.0,-1.0,-0.9999999999999999,-1.0,1.0,1.0,1.0,-1.0,-0.9999999999999998,-1.0,-0.9999999999999998,1.0,-0.9999999999999999,-1.0,1.0,-0.9999999999999998,-1.0,-1.0,1.0,1.0,1.0,1.0,1.0,0.9999999999999999,1.0,1.0,1.0,-1.0,-1.0
NUM,-1.0,1.0,-1.0,-1.0,-0.9999999999999999,1.0,1.0,1.0,-1.0,0.9999999999999999,-0.9999999999999999,-1.0,1.0,0.9999999999999999,-1.0,-1.0,1.0,0.9999999999999999,-1.0,1.0,0.9999999999999999,1.0,1.0,-0.9999999999999999,-0.9999999999999999,-0.9999999999999998,1.0,1.0,1.0000000000000002,0.9999999999999999,-1.0000000000000002,1.0,1.0,-0.9999999999999999,0.9999999999999999,0.9999999999999998,1.0,-1.0,-1.0,-1.0,-1.0,-1.0,-1.0,-1.0,-1.0,-1.0,1.0,1.0
ADJ,-1.0,0.9999999999999998,-0.9999999999999998,-1.0,-0.9999999999999999,1.0,0.9999999999999998,1.0,-0.9999999999999998,1.0,-1.0,-1.0,0.9999999999999999,1.0,-1.0,-1.0000000000000002,1.0,1.0,-1.0,1.0,1.0,0.9999999999999999,1.0,-1.0,-0.9999999999999999,-1.0,1.0,1.0000000000000002,1.0,1.0,-1.0,0.9999999999999999,1.0,-1.0,1.0,1.0,1.0,-1.0,-1.0,-1.0,-1.0,-1.0000000000000002,-0.9999999999999999,-1.0,-1.0,-1.0,1.0,0.9999999999999999
advmod:emph,1.0,-1.0,1.0,0.9999999999999999,1.0,-1.0,-0.9999999999999999,-1.0,1.0,-0.9999999999999999,1.0000000000000002,0.9999999999999999,-1.0,-1.0,1.0,1.0,-1.0000000000000002,-1.0,1.0,-1.0000000000000002,-0.9999999999999998,-1.0,-1.0,1.0000000000000002,0.9999999999999998,0.9999999999999998,-0.9999999999999999,-0.9999999999999999,-1.0,-1.0,1.0,-0.9999999999999999,-0.9999999999999999,1.0,-1.0,-1.0,-1.0,1.0,1.0,0.9999999999999999,1.0000000000000002,1.0,1.0000000000000002,0.9999999999999999,1.0,1.0,-1.0000000000000002,-1.0
obl:arg,1.0000000000000002,-1.0000000000000002,1.0000000000000002,1.0000000000000002,1.0,-1.0000000000000002,-1.0,-1.0000000000000002,1.0,-1.0000000000000002,1.0,0.9999999999999999,-1.0,-1.0000000000000002,1.0,1.0,-1.0000000000000002,-1.0,1.0000000000000002,-1.0,-1.0,-1.0000000000000002,-1.0000000000000002,1.0,1.0,1.0,-1.0,-1.0,-1.0,-1.0,1.0,-1.0000000000000002,-1.0,1.0,-1.0,-1.0,-1.0,1.0,1.0000000000000002,1.0,1.0000000000000002,1.0000000000000002,1.0,1.0,1.0,1.0,-1.0000000000000002,-1.0
aux,-1.0,1.0,-1.0,-1.0000000000000002,-1.0,1.0000000000000002,1.0,1.0,-1.0,1.0,-1.0,-1.0,1.0,1.0,-1.0000000000000002,-1.0000000000000002,1.0,1.0,-1.0000000000000002,1.0,1.0,0.9999999999999999,1.0,-1.0,-1.0,-1.0,1.0,1.0,1.0,1.0,-1.0,0.9999999999999999,1.0000000000000002,-1.0000000000000002,1.0,1.0,1.0,-1.0,-1.0,-1.0,-1.0000000000000002,-1.0,-1.0000000000000002,-1.0,-1.0,-1.0,1.0,1.0
flat,-1.0,0.9999999999999998,-1.0000000000000002,-1.0,-0.9999999999999999,1.0,0.9999999999999998,1.0,-1.0,1.0,-1.0,-0.9999999999999998,0.9999999999999999,1.0,-1.0,-1.0,1.0,1.0,-0.9999999999999999,1.0,0.9999999999999999,0.9999999999999999,1.0,-0.9999999999999999,-1.0,-1.0,1.0,1.0,1.0,1.0,-1.0,1.0,1.0,-1.0000000000000002,1.0,1.0,1.0,-1.0,-1.0,-1.0,-1.0,-1.0,-1.0,-1.0,-1.0000000000000002,-1.0,1.0,1.0
nsubj,1.0,-1.0,1.0,0.9999999999999999,1.0,-1.0,-1.0000000000000002,-1.0000000000000002,1.0,-1.0000000000000002,1.0,1.0,-1.0,-1.0,1.0,1.0000000000000002,-1.0000000000000002,-0.9999999999999999,1.0,-1.0000000000000002,-1.0,-0.9999999999999999,-1.0,0.9999999999999999,1.0,1.0000000000000002,-1.0000000000000002,-1.0,-1.0,-0.9999999999999999,1.0000000000000002,-0.9999999999999999,-1.0000000000000002,1.0000000000000002,-0.9999999999999999,-1.0,-1.0,1.0,1.0,1.0000000000000002,1.0,1.0,1.0,1.0000000000000002,1.0,1.0000000000000002,-1.0000000000000002,-0.9999999999999998
root,-1.0,1.0,-1.0,-1.0,-1.0,1.0,1.0,1.0,-1.0,1.0,-1.0000000000000002,-1.0,1.0,1.0,-1.0000000000000002,-1.0,1.0,1.0,-1.0000000000000002,1.0,1.0,1.0,1.0,-1.0,-1.0,-1.0,1.0,1.0,1.0,1.0,-1.0,1.0,1.0,-1.0,1.0,1.0000000000000002,0.9999999999999999,-1.0000000000000002,-1.0,-1.0,-1.0,-1.0,-1.0000000000000002,-1.0,-1.0,-1.0,1.0,1.0
advcl,-1.0,1.0000000000000002,-1.0,-0.9999999999999998,-0.9999999999999998,1.0,0.9999999999999999,1.0,-1.0,0.9999999999999999,-1.0,-1.0,0.9999999999999999,1.0,-0.9999999999999998,-1.0,1.0,0.9999999999999999,-1.0,1.0,1.0,1.0,0.9999999999999998,-1.0,-0.9999999999999998,-1.0,1.0,1.0,0.9999999999999998,0.9999999999999999,-1.0,1.0,1.0,-0.9999999999999998,0.9999999999999999,0.9999999999999999,1.0000000000000002,-1.0,-1.0,-1.0,-1.0,-0.9999999999999998,-0.9999999999999999,-1.0,-1.0,-1.0,1.0,1.0
mark,-1.0,1.0,-1.0,-1.0,-0.9999999999999998,1.0,0.9999999999999999,1.0,-1.0,1.0,-0.9999999999999998,-0.9999999999999999,1.0,0.9999999999999999,-1.0,-1.0000000000000002,0.9999999999999999,0.9999999999999999,-0.9999999999999999,1.0,1.0,1.0,1.0,-1.0,-0.9999999999999998,-1.0,0.9999999999999999,1.0,1.0,0.9999999999999999,-1.0,0.9999999999999999,1.0,-1.0,0.9999999999999999,0.9999999999999999,1.0,-1.0,-0.9999999999999999,-1.0,-1.0,-1.0,-1.0,-1.0,-0.9999999999999998,-1.0,0.9999999999999999,1.0
det,-1.0000000000000002,0.9999999999999998,-1.0,-1.0,-0.9999999999999998,1.0,1.0,1.0,-1.0,1.0,-1.0,-1.0,1.0,1.0,-1.0,-1.0000000000000002,1.0,1.0,-1.0,1.0,0.9999999999999998,1.0,1.0,-0.9999999999999998,-0.9999999999999998,-1.0,1.0,1.0000000000000002,1.0,1.0,-1.0,1.0,1.0,-1.0,1.0,1.0,1.0,-1.0,-0.9999999999999999,-1.0,-1.0,-1.0,-1.0000000000000002,-1.0,-1.0,-1.0,1.0,1.0
csubj,0.9999999999999999,-1.0,1.0,1.0,1.0,-1.0,-1.0,-1.0,1.0,-0.9999999999999999,1.0,1.0,-0.9999999999999999,-1.0,1.0000000000000002,1.0,-1.0,-0.9999999999999999,0.9999999999999999,-1.0,-1.0,-1.0,-0.9999999999999998,1.0,0.9999999999999998,1.0,-1.0,-0.9999999999999999,-1.0,-0.9999999999999999,1.0000000000000002,-1.0,-1.0,1.0,-0.9999999999999999,-0.9999999999999999,-1.0,1.0,0.9999999999999999,1.0,1.0000000000000002,1.0,1.0,1.0,1.0,0.9999999999999998,-1.0,-0.9999999999999998
xcomp,0.9999999999999999,-1.0,1.0,0.9999999999999998,0.9999999999999998,-1.0,-1.0,-0.9999999999999999,1.0,-0.9999999999999998,0.9999999999999998,1.0,-0.9999999999999999,-0.9999999999999999,0.9999999999999998,1.0,-1.0,-1.0,1.0,-1.0,-0.9999999999999998,-0.9999999999999998,-0.9999999999999998,0.9999999999999998,1.0,1.0,-0.9999999999999999,-1.0,-1.0,-1.0,0.9999999999999998,-0.9999999999999998,-1.0,1.0,-1.0,-0.9999999999999999,-0.9999999999999998,1.0,0.9999999999999999,0.9999999999999998,0.9999999999999998,0.9999999999999998,1.0,0.9999999999999998,1.0,0.9999999999999998,-1.0,-1.0
obl,1.0,-1.0,1.0,1.0,1.0,-1.0,-1.0,-1.0,1.0,-0.9999999999999999,1.0,1.0,-0.9999999999999998,-1.0,0.9999999999999998,1.0,-1.0,-1.0,1.0000000000000002,-1.0,-1.0,-1.0,-1.0,1.0,1.0,1.0,-1.0,-0.9999999999999999,-1.0,-1.0,1.0,-1.0,-0.9999999999999998,1.0,-1.0,-1.0,-1.0,0.9999999999999999,0.9999999999999999,1.0,0.9999999999999998,1.0,1.0,1.0,1.0,1.0,-1.0,-1.0
nmod,-1.0,1.0,-1.0,-1.0,-1.0,1.0000000000000002,1.0,1.0,-1.0,1.0,-1.0,-1.0,1.0,1.0,-0.9999999999999999,-1.0,1.0,1.0,-1.0000000000000002,1.0,1.0,0.9999999999999999,1.0,-1.0,-0.9999999999999999,-1.0,1.0,1.0,1.0,1.0,-1.0,1.0000000000000002,1.0,-1.0,1.0,1.0,1.0,-1.0,-1.0,-1.0000000000000002,-1.0,-1.0,-1.0,-1.0000000000000002,-1.0,-1.0,1.0,0.9999999999999999
cc,-0.9999999999999998,1.0000000000000002,-1.0,-1.0,-1.0,0.9999999999999999,1.0,1.0,-1.0,1.0000000000000002,-1.0,-0.9999999999999998,1.0,1.0000000000000002,-0.9999999999999999,-1.0,1.0,1.0,-1.0,1.0,1.0,1.0,1.0000000000000002,-0.9999999999999999,-1.0,-0.9999999999999999,1.0,1.0,1.0,1.0,-1.0,1.0,1.0000000000000002,-1.0000000000000002,1.0,1.0,1.0,-1.0,-0.9999999999999998,-1.0,-1.0,-1.0000000000000002,-1.0,-1.0,-1.0,-0.9999999999999999,1.0,0.9999999999999999
nsubj:pass,-1.0,1.0,-1.0,-1.0,-1.0000000000000002,1.0,1.0,1.0,-1.0,1.0,-0.9999999999999998,-1.0,1.0000000000000002,1.0,-1.0,-1.0,1.0,1.0,-1.0,1.0,0.9999999999999998,1.0,1.0,-1.0,-1.0,-1.0,1.0,1.0,1.0,1.0,-1.0000000000000002,1.0,1.0000000000000002,-1.0,1.0,1.0,0.9999999999999999,-1.0,-1.0,-1.0,-1.0,-1.0,-1.0,-1.0,-1.0000000000000002,-1.0,1.0,0.9999999999999998
discourse,-1.0,0.9999999999999998,-1.0000000000000002,-1.0,-0.9999999999999999,1.0,0.9999999999999998,1.0,-1.0,1.0,-1.0,-0.9999999999999998,0.9999999999999999,1.0,-1.0,-1.0,1.0,1.0,-0.9999999999999999,1.0,0.9999999999999999,0.9999999999999999,1.0,-0.9999999999999999,-1.0,-1.0,1.0,1.0,1.0,1.0,-1.0,1.0,1.0,-1.0000000000000002,1.0,1.0,1.0,-1.0,-1.0,-1.0,-1.0,-1.0,-1.0,-1.0,-1.0000000000000002,-1.0,1.0,1.0
csubj:pass,1.0,-1.0,1.0,1.0,1.0,-1.0000000000000002,-1.0,-1.0000000000000002,1.0,-1.0,1.0,1.0,-1.0000000000000002,-1.0,1.0,1.0,-1.0,-1.0,1.0000000000000002,-1.0,-1.0,-1.0,-1.0,1.0000000000000002,0.9999999999999998,1.0,-1.0,-1.0,-1.0000000000000002,-1.0,1.0,-1.0,-1.0,1.0000000000000002,-1.0,-1.0,-1.0,1.0,1.0,1.0,1.0,1.0000000000000002,1.0000000000000002,1.0,1.0,1.0,-1.0,-0.9999999999999998
acl,-1.0,1.0,-0.9999999999999998,-1.0,-0.9999999999999998,0.9999999999999999,1.0,1.0,-1.0,0.9999999999999999,-1.0,-0.9999999999999999,1.0,0.9999999999999999,-0.9999999999999999,-1.0000000000000002,0.9999999999999999,1.0,-0.9999999999999999,1.0,1.0,0.9999999999999999,1.0,-1.0,-0.9999999999999998,-1.0,1.0000000000000002,1.0,1.0,1.0,-1.0,1.0,1.0,-1.0,1.0,1.0,0.9999999999999999,-1.0,-0.9999999999999999,-0.9999999999999999,-0.9999999999999999,-1.0000000000000002,-1.0,-0.9999999999999999,-1.0,-1.0,0.9999999999999999,0.9999999999999998
expl:pass,-1.0,1.0,-1.0,-1.0,-1.0,1.0,1.0,1.0,-1.0,1.0,-1.0000000000000002,-1.0,1.0,1.0,-0.9999999999999999,-1.0,1.0000000000000002,1.0,-1.0000000000000002,1.0,1.0,1.0,1.0,-1.0,-1.0,-0.9999999999999998,1.0,1.0000000000000002,1.0000000000000002,1.0,-1.0,1.0,1.0,-1.0,1.0,1.0,1.0,-1.0,-0.9999999999999998,-1.0,-1.0,-1.0,-1.0,-1.0,-1.0,-1.0,1.0000000000000002,1.0
amod,1.0,-1.0,1.0,1.0000000000000002,1.0,-1.0000000000000002,-1.0,-1.0,1.0000000000000002,-1.0,1.0,1.0,-0.9999999999999999,-1.0,1.0,1.0,-1.0000000000000002,-1.0000000000000002,1.0000000000000002,-1.0,-0.9999999999999998,-1.0,-1.0,1.0,1.0,1.0,-1.0,-1.0000000000000002,-1.0,-1.0000000000000002,1.0000000000000002,-1.0,-1.0,1.0,-1.0000000000000002,-1.0000000000000002,-1.0,1.0,1.0,1.0,1.0,1.0,1.0,1.0,1.0000000000000002,1.0,-1.0000000000000002,-0.9999999999999998
nummod,-1.0,0.9999999999999998,-1.0000000000000002,-1.0,-0.9999999999999999,1.0,0.9999999999999998,1.0,-1.0,1.0,-1.0,-0.9999999999999998,0.9999999999999999,1.0,-1.0,-1.0,1.0,1.0,-0.9999999999999999,1.0,0.9999999999999999,0.9999999999999999,1.0,-0.9999999999999999,-1.0,-1.0,1.0,1.0,1.0,1.0,-1.0,1.0,1.0,-1.0000000000000002,1.0,1.0,1.0,-1.0,-1.0,-1.0,-1.0,-1.0,-1.0,-1.0,-1.0000000000000002,-1.0,1.0,1.0
conj,-1.0,1.0,-1.0,-1.0,-0.9999999999999999,1.0,1.0000000000000002,1.0,-1.0,0.9999999999999998,-1.0,-1.0,0.9999999999999998,1.0,-1.0,-1.0,1.0,1.0,-1.0,1.0000000000000002,0.9999999999999999,0.9999999999999999,1.0,-0.9999999999999999,-0.9999999999999999,-1.0,1.0,1.0,1.0,1.0,-1.0,1.0,1.0,-1.0000000000000002,1.0,1.0,1.0,-1.0,-1.0,-1.0,-1.0,-1.0,-1.0000000000000002,-1.0,-1.0000000000000002,-1.0000000000000002,1.0,1.0
case,-1.0000000000000002,1.0,-0.9999999999999998,-1.0,-1.0,1.0,1.0,0.9999999999999998,-0.9999999999999999,1.0,-1.0,-1.0,1.0,1.0,-1.0,-1.0,1.0,1.0,-1.0,0.9999999999999999,1.0000000000000002,1.0,1.0,-1.0,-0.9999999999999998,-1.0,1.0,1.0,0.9999999999999999,1.0,-1.0,0.9999999999999999,1.0,-1.0,1.0,1.0,1.0,-0.9999999999999998,-1.0,-1.0,-1.0,-1.0,-1.0,-1.0,-1.0,-1.0,1.0,1.0
xcomp:pred,1.0,-1.0,1.0,1.0,1.0000000000000002,-1.0,-1.0,-1.0,0.9999999999999998,-1.0,1.0,1.0,-1.0,-1.0,1.0,1.0,-1.0,-1.0,1.0,-1.0000000000000002,-1.0,-1.0,-1.0,1.0,1.0,0.9999999999999999,-1.0,-1.0,-1.0,-1.0,1.0,-1.0,-1.0,1.0,-1.0,-1.0,-0.9999999999999998,1.0,1.0,1.0,1.0,0.9999999999999999,1.0,1.0,1.0,1.0,-1.0,-1.0
aux:pass,0.9999999999999998,-1.0,1.0,0.9999999999999999,1.0,-1.0,-0.9999999999999998,-1.0,1.0,-0.9999999999999998,1.0000000000000002,1.0,-1.0,-1.0,1.0,1.0000000000000002,-1.0,-1.0,1.0,-1.0,-1.0,-0.9999999999999999,-0.9999999999999999,0.9999999999999999,0.9999999999999999,0.9999999999999999,-1.0,-0.9999999999999998,-1.0,-1.0,1.0,-0.9999999999999999,-0.9999999999999998,1.0,-1.0,-1.0,-1.0,1.0,1.0,1.0,1.0000000000000002,0.9999999999999999,1.0,1.0,1.0,0.9999999999999999,-1.0,-0.9999999999999999
advmod:neg,1.0,-1.0000000000000002,1.0,1.0,0.9999999999999998,-1.0,-1.0,-1.0,0.9999999999999998,-1.0,1.0,1.0,-1.0,-1.0,0.9999999999999999,1.0,-1.0,-1.0,1.0000000000000002,-1.0,-1.0,-1.0,-1.0,1.0,0.9999999999999998,1.0,-1.0000000000000002,-1.0,-1.0,-1.0,1.0,-0.9999999999999999,-1.0,1.0,-1.0,-1.0,-1.0,1.0,1.0,1.0,0.9999999999999999,0.9999999999999999,1.0,1.0,1.0,0.9999999999999998,-1.0,-1.0
cop,1.0,-1.0,1.0000000000000002,1.0,0.9999999999999999,-0.9999999999999999,-0.9999999999999998,-1.0000000000000002,1.0,-1.0,1.0,1.0,-1.0,-1.0,1.0000000000000002,1.0000000000000002,-1.0000000000000002,-1.0,1.0,-1.0,-1.0,-1.0,-1.0,1.0000000000000002,0.9999999999999998,0.9999999999999998,-1.0,-1.0,-1.0,-1.0,1.0,-0.9999999999999999,-1.0,1.0,-1.0,-1.0,-1.0,1.0,1.0000000000000002,0.9999999999999999,1.0,1.0,1.0,0.9999999999999999,1.0,1.0,-1.0000000000000002,-0.9999999999999998
obj,0.9999999999999999,-0.9999999999999998,1.0,1.0,1.0,-1.0,-1.0000000000000002,-1.0,0.9999999999999999,-1.0,1.0000000000000002,1.0,-1.0,-1.0000000000000002,1.0,1.0000000000000002,-1.0,-1.0,1.0,-1.0,-0.9999999999999998,-1.0,-1.0,1.0,0.9999999999999998,1.0,-1.0,-1.0000000000000002,-1.0,-1.0,1.0000000000000002,-1.0000000000000002,-1.0,1.0,-1.0,-1.0,-1.0,0.9999999999999999,0.9999999999999999,0.9999999999999999,1.0,1.0,1.0000000000000002,0.9999999999999999,1.0,1.0,-1.0,-1.0
ccomp,1.0,-1.0,1.0000000000000002,1.0,1.0,-1.0,-1.0,-1.0000000000000002,1.0,-1.0,1.0,0.9999999999999999,-1.0,-0.9999999999999999,1.0000000000000002,1.0,-1.0000000000000002,-1.0,1.0,-1.0000000000000002,-0.9999999999999999,-1.0,-1.0000000000000002,1.0,1.0,1.0,-1.0,-1.0,-1.0,-1.0,1.0000000000000002,-1.0,-1.0,1.0,-1.0,-1.0000000000000002,-1.0,1.0,1.0,1.0,1.0,1.0000000000000002,1.0,1.0,1.0000000000000002,1.0,-1.0000000000000002,-1.0
fixed,1.0,-1.0000000000000002,1.0,1.0,0.9999999999999998,-1.0,-1.0,-1.0,0.9999999999999998,-1.0,1.0,1.0,-1.0,-1.0,0.9999999999999999,1.0,-1.0,-1.0,1.0000000000000002,-1.0,-1.0,-1.0,-1.0,1.0,0.9999999999999998,1.0,-1.0000000000000002,-1.0,-1.0,-1.0,1.0,-0.9999999999999999,-1.0,1.0,-1.0,-1.0,-1.0,1.0,1.0,1.0,0.9999999999999999,0.9999999999999999,1.0,1.0,1.0,0.9999999999999998,-1.0,-1.0
acl:relcl,1.0,-0.9999999999999999,1.0,1.0,1.0,-1.0,-0.9999999999999999,-1.0,1.0,-1.0,1.0,1.0,-1.0,-1.0,1.0,1.0,-1.0,-1.0000000000000002,1.0,-1.0,-1.0,-0.9999999999999998,-1.0,1.0,1.0,1.0,-1.0,-1.0,-1.0000000000000002,-1.0000000000000002,1.0,-1.0,-1.0,1.0000000000000002,-1.0000000000000002,-1.0000000000000002,-1.0,1.0,1.0,1.0,1.0,1.0,1.0000000000000002,1.0,1.0,0.9999999999999999,-1.0,-1.0
advmod,1.0,-1.0,1.0,1.0,1.0,-1.0,-1.0,-0.9999999999999999,0.9999999999999999,-0.9999999999999999,1.0,1.0,-1.0,-1.0,1.0,1.0,-1.0,-1.0,1.0000000000000002,-1.0,-1.0,-1.0,-1.0,0.9999999999999998,0.9999999999999998,1.0,-1.0,-0.9999999999999999,-1.0,-1.0,1.0,-1.0,-1.0,1.0,-1.0,-1.0000000000000002,-1.0,1.0,0.9999999999999999,0.9999999999999998,1.0,1.0,1.0,0.9999999999999998,0.9999999999999999,1.0,-1.0,-0.9999999999999997
orphan,-1.0,1.0,-1.0,-1.0000000000000002,-1.0,1.0000000000000002,1.0,1.0,-1.0,1.0,-1.0,-1.0,1.0,1.0,-1.0000000000000002,-1.0000000000000002,1.0,1.0,-1.0000000000000002,1.0,1.0,0.9999999999999999,1.0,-1.0,-1.0,-1.0,1.0,1.0,1.0,1.0,-1.0,0.9999999999999999,1.0000000000000002,-1.0000000000000002,1.0,1.0,1.0,-1.0,-1.0,-1.0,-1.0000000000000002,-1.0,-1.0000000000000002,-1.0,-1.0,-1.0,1.0,1.0
punct,-0.9999999999999999,0.9999999999999999,-0.9999999999999999,-0.9999999999999998,-1.0,1.0,1.0000000000000002,1.0,-0.9999999999999999,0.9999999999999999,-0.9999999999999998,-1.0,1.0,0.9999999999999999,-1.0,-1.0,1.0,1.0,-0.9999999999999998,1.0,1.0,1.0,1.0,-0.9999999999999998,-1.0,-1.0,0.9999999999999999,0.9999999999999999,0.9999999999999998,1.0,-0.9999999999999998,0.9999999999999998,1.0,-0.9999999999999998,1.0,1.0,1.0,-1.0,-0.9999999999999999,-1.0,-0.9999999999999998,-1.0,-1.0,-1.0,-1.0,-0.9999999999999997,1.0,1.0
